{
    "Business": {
        "precision": 0.9119847003824905,
        "recall": 0.9203551209469892,
        "f1-score": 0.9161507919566239,
        "support": 23316.0
    },
    "Entertainment": {
        "precision": 0.9687459005640824,
        "recall": 0.9722533078796656,
        "f1-score": 0.9704964352597167,
        "support": 30382.0
    },
    "Health": {
        "precision": 0.9397454668318505,
        "recall": 0.9157155399473222,
        "f1-score": 0.9275748985603913,
        "support": 9112.0
    },
    "Science and technology": {
        "precision": 0.9212806375388037,
        "recall": 0.9174125680538895,
        "f1-score": 0.9193425341563215,
        "support": 21674.0
    },
    "accuracy": 0.9377633634771081,
    "macro avg": {
        "precision": 0.9354391763293067,
        "recall": 0.9314341342069666,
        "f1-score": 0.9333911649832634,
        "support": 84484.0
    },
    "weighted avg": {
        "precision": 0.9377760340045919,
        "recall": 0.9377633634771081,
        "f1-score": 0.9377454562083678,
        "support": 84484.0
    }
}