{
    "Business": {
        "precision": 0.8944689514760774,
        "recall": 0.9044433007376909,
        "f1-score": 0.8994284739401177,
        "support": 23316.0
    },
    "Entertainment": {
        "precision": 0.9574064381052081,
        "recall": 0.9632677243104469,
        "f1-score": 0.9603281378178835,
        "support": 30382.0
    },
    "Health": {
        "precision": 0.9129994372537985,
        "recall": 0.8902546093064091,
        "f1-score": 0.9014835805967661,
        "support": 9112.0
    },
    "Science and technology": {
        "precision": 0.908226520624563,
        "recall": 0.8990495524591676,
        "f1-score": 0.9036147371837975,
        "support": 21674.0
    },
    "accuracy": 0.9226835850575257,
    "macro avg": {
        "precision": 0.9182753368649118,
        "recall": 0.9142537967034285,
        "f1-score": 0.9162137323846411,
        "support": 84484.0
    },
    "weighted avg": {
        "precision": 0.9226304738814691,
        "recall": 0.9226835850575257,
        "f1-score": 0.9226247334606563,
        "support": 84484.0
    }
}