Accuracy,F1 Score (Macro),F1 Score (Micro),Precision,Recall,Training time
0.9377633634771081,0.9333911649832634,0.9377633634771081,0.9354391763293067,0.9314341342069666,5.54139518737793
