Accuracy,F1 Score (Macro),F1 Score (Micro),Precision,Recall,Training time
0.9226835850575257,0.9162137323846411,0.9226835850575257,0.9182753368649118,0.9142537967034285,5.736189842224121
