{
    "Accuracy": 0.9226835850575257,
    "F1 Score (Macro)": 0.9162137323846411,
    "F1 Score (Micro)": 0.9226835850575257,
    "Precision": 0.9182753368649118,
    "Recall": 0.9142537967034285,
    "Training time": 5.736189842224121
}