{"Business": {"precision": 0.8902387402641382, "recall": 0.8982232852139745, "f1-score": 0.8942131893362814, "support": 23414.0}, "Entertainment": {"precision": 0.9473360523078915, "recall": 0.9642209995717063, "f1-score": 0.9557039528466701, "support": 30353.0}, "Health": {"precision": 0.9414246113052911, "recall": 0.8655806737588653, "f1-score": 0.9019109751169101, "support": 9024.0}, "Science and technology": {"precision": 0.8924731182795699, "recall": 0.8914857327248421, "f1-score": 0.8919791522531249, "support": 21693.0}, "accuracy": 0.9167179584299986, "macro avg": {"precision": 0.9178681305392227, "recall": 0.904877672817347, "f1-score": 0.9109518173882466, "support": 84484.0}, "weighted avg": {"precision": 0.9167934296139342, "recall": 0.9167179584299986, "f1-score": 0.9165538810325826, "support": 84484.0}}