F1-Score (Macro),F1-Score (Micro),Precision (Macro),Recall (Macro),Accuracy,Training Time (seconds)
0.8874000050924706,0.8968917191420861,0.8971188142568786,0.8792988294832006,0.8968917191420861,1.787602186203003
