Accuracy,Precision (Weighted),Recall (Weighted),F1-Score (Weighted)
0.8968917191420861,0.8967803820457163,0.8968917191420861,0.8964284090763065
