{"Business": {"precision": 0.871570542767349, "recall": 0.876484154779192, "f1-score": 0.8740204429301534, "support": 23414.0}, "Entertainment": {"precision": 0.927233268439026, "recall": 0.9571706256383224, "f1-score": 0.9419641409720196, "support": 30353.0}, "Health": {"precision": 0.9164900909884083, "recall": 0.8148271276595744, "f1-score": 0.8626737842435619, "support": 9024.0}, "Science and technology": {"precision": 0.873181354832731, "recall": 0.8687134098557138, "f1-score": 0.8709416522241479, "support": 21693.0}, "accuracy": 0.8968917191420861, "macro avg": {"precision": 0.8971188142568786, "recall": 0.8792988294832006, "f1-score": 0.8874000050924706, "support": 84484.0}, "weighted avg": {"precision": 0.8967803820457163, "recall": 0.8968917191420861, "f1-score": 0.8964284090763065, "support": 84484.0}}