F1-Score (Macro),F1-Score (Micro),Precision (Macro),Recall (Macro),Accuracy,Training Time (seconds)
0.9109518173882466,0.9167179584299986,0.9178681305392227,0.904877672817347,0.9167179584299986,0.6087908744812012
